{
	"identificador": "2",
	"viajes": [
		{
			"codigo_postal_origen": "1000",
			"codigo_postal_destino": "2002",
			"kilometros": 3,
			"precio_kilometro": 550
		},
		{
			"codigo_postal_origen": "1000",
			"codigo_postal_destino": "2001",
			"kilometros": 96.3,
			"precio_kilometro": 300
		},
		{
			"codigo_postal_origen": "2000",
			"codigo_postal_destino": "1001",
			"kilometros": 70,
			"precio_kilometro": 301
		},
		{
			"codigo_postal_origen": "3001",
			"codigo_postal_destino": "3000",
			"kilometros": 150.3,
			"precio_kilometro": 300
		}
	]
}