﻿1,1160892,12/1/2019,Joseph Chavarria,San José,Pavas – Cañas,160.5
3,1160892,12/3/2019,Joseph Chavarria,San José,La Cruz – Nicoya,68.3
4,1160892,12/4/2019,Joseph Chavarria,San José,Nicoya – Esparza,140.7
5,1160892,12/5/2019,Joseph Chavarria,San José,Esparza – Grecia,120.8
6,1160892,12/6/2019,Joseph Chavarria,San José,Paraíso – Paraíso,100.8
9,1160892,12/9/2019,Joseph Chavarria,San José,Pérez Zeledón – Llano Grande,120.2
2,1346775,12/2/2019,Luis Morera,Cartago,Cañas – La Cruz,120.4
3,1346775,12/3/2019,Luis Morera,Cartago,La Cruz – Nicoya,68.3
4,1346775,12/4/2019,Luis Morera,Cartago,Nicoya – Esparza,140.7
5,1346775,12/5/2019,Luis Morera,Cartago,Esparza – Grecia,120.8
6,1346775,12/6/2019,Luis Morera,Cartago,Paraíso – Paraíso,100.8
7,1346775,12/7/2019,Luis Morera,Cartago,Guápiles – Goicoechea,80.1
8,1346775,12/8/2019,Luis Morera,Cartago,San José – Pérez Zeledón,150.4
9,1346775,12/9/2019,Luis Morera,Cartago,Pérez Zeledón – Llano Grande,120.2
10,1346775,12/10/2019,Luis Morera,Cartago,Circuito Presidente,100.8
1,1403104,12/1/2019,Germán Loaiza,San José,Pavas – Cañas,160.5
2,1403104,12/2/2019,Germán Loaiza,San José,Cañas – La Cruz,120.4
3,1403104,12/3/2019,Germán Loaiza,San José,La Cruz – Nicoya,68.3
4,1403104,12/4/2019,Germán Loaiza,San José,Nicoya – Esparza,140.7
6,1403104,12/6/2019,Germán Loaiza,San José,Paraíso – Paraíso,100.8
7,1403104,12/7/2019,Germán Loaiza,San José,Guápiles – Goicoechea,80.1
9,1403104,12/9/2019,Germán Loaiza,San José,Pérez Zeledón – Llano Grande,120.2
10,1403104,12/10/2019,Germán Loaiza,San José,Circuito Presidente,100.8
2,1467497,12/2/2019,Luis Espinoza,San José,Cañas – La Cruz,120.4
3,1467497,12/3/2019,Luis Espinoza,San José,La Cruz – Nicoya,68.3
4,1467497,12/4/2019,Luis Espinoza,San José,Nicoya – Esparza,140.7
2,1523648,12/2/2019,Saturnino Rustrián,San José,Cañas – La Cruz,120.4
4,1523648,12/4/2019,Saturnino Rustrián,San José,Nicoya – Esparza,140.7
5,1523648,12/5/2019,Saturnino Rustrián,San José,Esparza – Grecia,120.8
8,1523648,12/8/2019,Saturnino Rustrián,San José,San José – Pérez Zeledón,150.4
10,1523648,12/10/2019,Saturnino Rustrián,San José,Circuito Presidente,100.8
1,1565250,12/1/2019,Oliveiro Cárdenas,San José,Pavas – Cañas,160.5
2,1565250,12/2/2019,Oliveiro Cárdenas,San José,Cañas – La Cruz,120.4
3,1565250,12/3/2019,Oliveiro Cárdenas,San José,La Cruz – Nicoya,68.3
4,1565250,12/4/2019,Oliveiro Cárdenas,San José,Nicoya – Esparza,140.7
5,1565250,12/5/2019,Oliveiro Cárdenas,San José,Esparza – Grecia,120.8
7,1565250,12/7/2019,Oliveiro Cárdenas,San José,Guápiles – Goicoechea,80.1
9,1565250,12/9/2019,Oliveiro Cárdenas,San José,Pérez Zeledón – Llano Grande,120.2
10,1565250,12/10/2019,Oliveiro Cárdenas,San José,Circuito Presidente,100.8
1,1657549,12/1/2019,José Bonilla,San José,Pavas – Cañas,160.5
2,1657549,12/2/2019,José Bonilla,San José,Cañas – La Cruz,120.4
5,1657549,12/5/2019,José Bonilla,San José,Esparza – Grecia,120.8
6,1657549,12/6/2019,José Bonilla,San José,Paraíso – Paraíso,100.8
7,1657549,12/7/2019,José Bonilla,San José,Guápiles – Goicoechea,80.1
8,1657549,12/8/2019,José Bonilla,San José,San José – Pérez Zeledón,150.4
10,1657549,12/10/2019,José Bonilla,San José,Circuito Presidente,100.8
1,1879925,12/1/2019,Andrián Víquez,San José,Pavas – Cañas,160.5
2,1879925,12/2/2019,Andrián Víquez,San José,Cañas – La Cruz,120.4
3,1879925,12/3/2019,Andrián Víquez,San José,La Cruz – Nicoya,68.3
4,1879925,12/4/2019,Andrián Víquez,San José,Nicoya – Esparza,140.7
5,1879925,12/5/2019,Andrián Víquez,San José,Esparza – Grecia,120.8
6,1879925,12/6/2019,Andrián Víquez,San José,Paraíso – Paraíso,100.8
8,1879925,12/8/2019,Andrián Víquez,San José,San José – Pérez Zeledón,150.4
9,1879925,12/9/2019,Andrián Víquez,San José,Pérez Zeledón – Llano Grande,120.2
10,1879925,12/10/2019,Andrián Víquez,San José,Circuito Presidente,100.8
1,2027426,12/1/2019,Andrey Amador,Heredia,Pavas – Cañas,160.5
2,2027426,12/2/2019,Andrey Amador,Heredia,Cañas – La Cruz,120.4
3,2027426,12/3/2019,Andrey Amador,Heredia,La Cruz – Nicoya,68.3
4,2027426,12/4/2019,Andrey Amador,Heredia,Nicoya – Esparza,140.7
5,2027426,12/5/2019,Andrey Amador,Heredia,Esparza – Grecia,120.8
6,2027426,12/6/2019,Andrey Amador,Heredia,Paraíso – Paraíso,100.8
8,2027426,12/8/2019,Andrey Amador,Heredia,San José – Pérez Zeledón,150.4
1,2324437,12/1/2019,Antonio Agudelo,Heredia,Pavas – Cañas,160.5
2,2324437,12/2/2019,Antonio Agudelo,Heredia,Cañas – La Cruz,120.4
3,2324437,12/3/2019,Antonio Agudelo,Heredia,La Cruz – Nicoya,68.3
4,2324437,12/4/2019,Antonio Agudelo,Heredia,Nicoya – Esparza,140.7
5,2324437,12/5/2019,Antonio Agudelo,Heredia,Esparza – Grecia,120.8
7,2324437,12/7/2019,Antonio Agudelo,Heredia,Guápiles – Goicoechea,80.1
8,2324437,12/8/2019,Antonio Agudelo,Heredia,San José – Pérez Zeledón,150.4
10,2324437,12/10/2019,Antonio Agudelo,Heredia,Circuito Presidente,100.8
,,,,,,
                                                                   ,,,,,,
