﻿ruta_id, ciclista_id, fecha, nombre_ciclista, provincia, nombre_ruta, kilometros
1,1160892,12/1/2019,Joseph Chavarria,San José,Pavas – Cañas,160.5
6,1160892,12/6/2019,Joseph Chavarria,San José,Paraíso – Paraíso,100.8
2,1346775,12/2/2019,Luis Morera,Cartago,Cañas – La Cruz,120.4
4,1346775,12/4/2019,Luis Morera,Cartago,Nicoya – Esparza,140.7
10,1346775,12/10/2019,Luis Morera,Cartago,Circuito Presidente,100.8
1,1403104,12/1/2019,Germán Loaiza,San José,Pavas – Cañas,160.5
4,1403104,12/4/2019,Germán Loaiza,San José,Nicoya – Esparza,140.7
6,1403104,12/6/2019,Germán Loaiza,San José,Paraíso – Paraíso,100.8
2,1467497,12/2/2019,Luis Espinoza,San José,Cañas – La Cruz,120.4
4,1467497,12/4/2019,Luis Espinoza,San José,Nicoya – Esparza,140.7
2,1523648,12/2/2019,Saturnino Rustrián,San José,Cañas – La Cruz,120.4
8,1523648,12/8/2019,Saturnino Rustrián,San José,San José – Pérez Zeledón,150.4
1,1565250,12/1/2019,Oliveiro Cárdenas,San José,Pavas – Cañas,160.5
10,1565250,12/10/2019,Oliveiro Cárdenas,San José,Circuito Presidente,100.8
7,1657549,12/7/2019,José Bonilla,San José,Guápiles – Goicoechea,80.1
10,1657549,12/10/2019,José Bonilla,San José,Circuito Presidente,100.8
9,1879925,12/9/2019,Andrián Víquez,San José,Pérez Zeledón – Llano Grande,120.2
10,1879925,12/10/2019,Andrián Víquez,San José,Circuito Presidente,100.8
4,2027426,12/4/2019,Andrey Amador,Heredia,Nicoya – Esparza,140.7
8,2027426,12/8/2019,Andrey Amador,Heredia,San José – Pérez Zeledón,150.4
5,2324437,12/5/2019,Antonio Agudelo,Heredia,Esparza – Grecia,120.8

