{"id": "120230592", "origen": "10101", "destino": "10301", "kilometros": 6.2, "precio_km": 450},
{"id": "120230592", "origen": "10301", "destino": "10107", "kilometros": 10.9, "precio_km": 400},
{"id": "120230592", "origen": "10107", "destino": "10401", "kilometros": 40.0, "precio_km": 550},
{"id": "120230592", "origen": "10702", "destino": "10104", "kilometros": 35.8, "precio_km": 550},
{"id": "120230592", "origen": "10104", "destino": "10203", "kilometros": 12.6, "precio_km": 480},
{"id": "120230592", "origen": "10202", "destino": "10302", "kilometros": 14.5, "precio_km": 380},
{"id": "120230592", "origen": "10301", "destino": "10309", "kilometros": 18.2, "precio_km": 400},
{"id": "120230592", "origen": "10103", "destino": "10201", "kilometros": 6.3, "precio_km": 390},
{"id": "120230592", "origen": "10201", "destino": "10105", "kilometros": 11.6, "precio_km": 395},
{"id": "120230592", "origen": "10105", "destino": "10110", "kilometros": 7.0, "precio_km": 480},
