{"id": "111720927", "origen": "60115", "destino": "10107", "kilometros": 85.7, "precio_km": 550},
{"id": "111720927", "origen": "10107", "destino": "10301", "kilometros": 10.7, "precio_km": 410},
{"id": "111720927", "origen": "10401", "destino": "10107", "kilometros": 40.3, "precio_km": 560},
{"id": "111720927", "origen": "10104", "destino": "10702", "kilometros": 35.9, "precio_km": 570},
{"id": "111720927", "origen": "10203", "destino": "10104", "kilometros": 12.8, "precio_km": 495},
{"id": "111720927", "origen": "10302", "destino": "10202", "kilometros": 14.6, "precio_km": 375},
{"id": "111720927", "origen": "10309", "destino": "10301", "kilometros": 18.1, "precio_km": 415},
{"id": "111720927", "origen": "10201", "destino": "10103", "kilometros": 6.5, "precio_km": 395},
{"id": "111720927", "origen": "10105", "destino": "10201", "kilometros": 11.8, "precio_km": 390},
{"id": "111720927", "origen": "10110", "destino": "10105", "kilometros": 6.9, "precio_km": 485},
