﻿código,tipo_viaje,Q_viajes
10101,origen,5
10101,destino,5
10102,origen,2
10102,destino,1
10103,origen,4
10103,destino,3
10104,destino,5
10104,origen,2
10105,origen,2
10105,destino,2
10106,destino,1
10107,destino,4
10107,origen,2
10108,origen,1
10109,origen,1
10109,destino,1
10110,origen,1
10110,destino,1
10115,destino,1
10201,origen,5
10201,destino,3
10202,origen,2
10202,destino,2
10203,origen,3
10203,destino,2
10301,destino,4
10301,origen,3
10302,origen,1
10302,destino,1
10305,origen,1
10305,destino,1
10306,origen,1
10306,destino,1
10307,destino,2
10309,origen,1
10309,destino,1
10312,origen,4
10312,destino,2
10401,origen,1
10401,destino,1
10601,origen,2
10601,destino,1
10602,destino,1
10702,origen,1
10702,destino,1
60115,origen,1
70101,origen,2
70101,destino,1
70102,origen,1
70102,destino,1
70103,origen,1
70103,destino,1
