﻿10101,San José - Carmen
10102,San José - Merced
10103,San José - Hospital
10104,San José - Catedral
10105,San José - Zapote
10106,San José - San Francisco de Dos Ríos
10107,San José - Uruca
10108,San José - Mata Redonda
10109,San José - Pavas
10110,San José - Hatillo
10111,San José - San Sebastián
10201,Escazú - Escazú
10202,Escazú - San Antonio
10203,Escazú - San Rafael
10301,Desamparados - Desamparados
10302,Desamparados - San Miguel
10303,Desamparados - San Juan de Dios
10304,Desamparados - San Rafael Arriba
10305,Desamparados - San Antonio
10306,Desamparados - Frailes
10307,Desamparados - Patarrá
10308,Desamparados - San Cristóbal
10309,Desamparados - Rosario
10310,Desamparados - Damas
10311,Desamparados - San Rafael Abajo
10312,Desamparados - Gravilias
10313,Desamparados - Los Guido
10401,Puriscal - Santiago
10402,Puriscal - Mercedes Sur
10403,Puriscal - Barbacoas
10404,Puriscal - Grifo Alto
10405,Puriscal - San Rafael
10406,Puriscal - Candelarita
10407,Puriscal - Desamparaditos
10408,Puriscal - San Antonio
10409,Puriscal - Chires
10501,Tarrazú - San Marcos
10502,Tarrazú - San Lorenzo
10503,Tarrazú - San Carlos
10601,Aserrí - Aserrí
10602,Aserrí - Tarbaca
10603,Aserrí - Vuelta de Jorco
10604,Aserrí - San Gabriel
10605,Aserrí - Legua
10606,Aserrí - Monterrey
10607,Aserrí - Salitrillos
