﻿1- ,120230592, AARON JOSE RODRIGUEZ AGUERO
2- ,116950192, AARON JOSE RODRIGUEZ BEJARANO
3- ,118570225, AARON JOSE RODRIGUEZ BRENES
4- ,108790899, AARON JOSE RODRIGUEZ CHAVES
5- ,116610053, AARON JOSE RODRIGUEZ MADRIGAL
6- ,208710826, AARON JOSE RODRIGUEZ MENDEZ
7- ,120870597, AARON JOSE RODRIGUEZ MONTOYA
8- ,210450122, AARON JOSE RODRIGUEZ VARGAS
9- ,504880636, AARON JOSE RODRIGUEZ VENEGAS
10- ,305660573, AARON JOSET RODRIGUEZ NUÑEZ
11- ,113310664, ABEL JOSE RODRIGUEZ DIAZ
12- ,402310098, ABEL JOSE RODRIGUEZ RAMOS
13- ,306350953, ABEL JOSE RODRIGUEZ TERCERO
14- ,400168468, ABEL JOSE ANTONIO RODRIGUEZ VARGAS ***Fallecido***
15- ,300347543, ABIGAIL JOSEFINA DEL SOCORRO RODRIGUEZ QUIROS ***Fallecido***
16- ,504200572, ABISAI JOSEB RODRIGUEZ GUTIERREZ
17- ,113770992, ABRAHAM JOSE RODRIGUEZ CORRALES
18- ,121140603, ABRAHAM JOSE RODRIGUEZ NUÑEZ
19- ,605290884, ABRAHAM JOSE RODRIGUEZ QUIROS
20- ,402860083, ABRAHAM JOSEPH RODRIGUEZ PORRAS
21- ,900720769, ABUNDIO JOSE RODRIGUEZ RUIZ
22- ,400680811, ADAN JOSE ANTONIO RODRIGUEZ ARIAS ***Fallecido***
23- ,205590191, ADOLFO JOSE RODRIGUEZ CAMPOS
24- ,602450160, ADOLFO JOSE RODRIGUEZ CARMONA
25- ,700900134, ADOLFO JOSE RODRIGUEZ CASTRO
26- ,113270602, ADOLFO JOSE RODRIGUEZ CORDERO
27- ,109670978, ADOLFO JOSE RODRIGUEZ LORIA
28- ,110620386, ADRIAN JOSE RODRIGUEZ ASTUA
29- ,117500888, ADRIAN JOSE RODRIGUEZ BAKER
30- ,901380701, ADRIAN JOSE RODRIGUEZ BRAVO
31- ,114840632, ADRIAN JOSE RODRIGUEZ BRENES
32- ,116060477, ADRIAN JOSE RODRIGUEZ CHACON
33- ,800930556, ADRIAN JOSE RODRIGUEZ HURTADO
34- ,604900746, ADRIAN JOSE RODRIGUEZ MENDEZ
35- ,402070212, ADRIAN JOSE RODRIGUEZ SALAZAR
36- ,207900422, ADRIAN JOSE RODRIGUEZ SALAZAR
37- ,109550088, ADRIAN JOSE RODRIGUEZ SANDI
38- ,605260733, ADRIAN JOSE RODRIGUEZ SANTOS
39- ,110340375, ADRIAN JOSE RODRIGUEZ VARELA
40- ,109760412, ADRIAN JOSE RODRIGUEZ VARGAS
41- ,206230920, ADRIAN JOSE RODRIGUEZ VASQUEZ
42- ,501150070, AGAPITO JOSE MARIA RODRIGUEZ NOGUERA
43- ,305870286, AGUSTIN JOSE RODRIGUEZ BERMUDEZ
44- ,113390798, AGUSTIN JOSE RODRIGUEZ GUTIERREZ
45- ,504090092, AIDA JOSETH RODRIGUEZ VEGA
46- ,605120430, AIRAN JOSE RODRIGUEZ PEREZ
47- ,110570949, ALAN JOSE RODRIGUEZ ZAMORA
48- ,209500121, ALBERT JOSE RODRIGUEZ GARCIA
49- ,113820560, ALBERTO JOSE RODRIGUEZ BOLIVAR
50- ,111720927, ALBERTO JOSE RODRIGUEZ CHACON
