{
"id": 110570949,
"viajes":   [
[
    {
        "origen": "10101",
        "destino": "10107",
        "kilometros": 25.0,
        "precio_km": 450
    }
],
[
    {
        "origen": "10108",
        "destino": "10103",
        "kilometros": 17.0,
        "precio_km": 600
    }
],
[
    {
        "origen": "10102",
        "destino": "10115",
        "kilometros": 22.2,
        "precio_km": 550
    }
],
[
    {
        "origen": "10103",
        "destino": "10101",
        "kilometros": 10.3,
        "precio_km": 500
    }
],
[
    {
        "origen": "10201",
        "destino": "10101",
        "kilometros": 12.5,
        "precio_km": 510
    }
],
[
    {
        "origen": "10601",
        "destino": "10203",
        "kilometros": 24.2,
        "precio_km": 480
    }
],
[
    {
        "origen": "10101",
        "destino": "10602",
        "kilometros": 18.0,
        "precio_km": 580
    }
],
[
    {
        "origen": "10312",
        "destino": "10301",
        "kilometros": 14.9,
        "precio_km": 480
    }
],
[
    {
        "origen": "10312",
        "destino": "10104",
        "kilometros": 35.7,
        "precio_km": 450
    }
],
[
    {
        "origen": "10103",
        "destino": "10106",
        "kilometros": 8.2,
        "precio_km": 565
    }
]
]
}
