{
"id": 207900422,
"viajes":   [
[
    {
        "origen": "10202",
        "destino": "10305",
        "kilometros": 15.2,
        "precio_km": 500
    }
],
[
    {
        "origen": "10305",
        "destino": "10104",
        "kilometros": 28.3,
        "precio_km": 515
    }
],
[
    {
        "origen": "10203",
        "destino": "10306",
        "kilometros": 24.7,
        "precio_km": 495
    }
],
[
    {
        "origen": "10306",
        "destino": "10101",
        "kilometros": 15.1,
        "precio_km": 500
    }
],
[
    {
        "origen": "10201",
        "destino": "10101",
        "kilometros": 12.3,
        "precio_km": 535
    }
],
[
    {
        "origen": "10601",
        "destino": "10307",
        "kilometros": 24.6,
        "precio_km": 480
    }
],
[
    {
        "origen": "10203",
        "destino": "10102",
        "kilometros": 15.4,
        "precio_km": 545
    }
],
[
    {
        "origen": "10102",
        "destino": "10312",
        "kilometros": 15.2,
        "precio_km": 548
    }
],
[
    {
        "origen": "10312",
        "destino": "10109",
        "kilometros": 28.2,
        "precio_km": 530
    }
],
[
    {
        "origen": "10109",
        "destino": "10202",
        "kilometros": 15.3,
        "precio_km": 556
    }
]
]
}
