{
"id": 700900134,
"viajes":   [
[
    {
        "origen": "70101",
        "destino": "70103",
        "kilometros": 32.0,
        "precio_km": 600
    }
],
[
    {
        "origen": "70103",
        "destino": "70101",
        "kilometros": 33.1,
        "precio_km": 610
    }
],
[
    {
        "origen": "70101",
        "destino": "70102",
        "kilometros": 42.3,
        "precio_km": 590
    }
],
[
    {
        "origen": "70102",
        "destino": "10101",
        "kilometros": 115.1,
        "precio_km": 700
    }
],
[
    {
        "origen": "10101",
        "destino": "10201",
        "kilometros": 12.6,
        "precio_km": 500
    }
],
[
    {
        "origen": "10201",
        "destino": "10103",
        "kilometros": 14.5,
        "precio_km": 380
    }
],
[
    {
        "origen": "10103",
        "destino": "10601",
        "kilometros": 19.3,
        "precio_km": 500
    }
],
[
    {
        "origen": "10101",
        "destino": "10307",
        "kilometros": 12.6,
        "precio_km": 440
    }
],
[
    {
        "origen": "10301",
        "destino": "10312",
        "kilometros": 31.8,
        "precio_km": 430
    }
],
[
    {
        "origen": "10312",
        "destino": "10104",
        "kilometros": 38.7,
        "precio_km": 465
    }
]
]
}
